Molecule Name,SMILES,LogD,KSOL,HLM CLint,MLM CLint,Caco-2 Permeability Papp A>B,Caco-2 Permeability Efflux,MPPB,MBPB,MGMB
E-0001321,CN1CCC[C@H]1COc1ccc(-c2nc3cc(-c4ccc5[nH]c(-c6ccc(O)cc6)nc5c4)ccc3[nH]2)cc1,,,56.4,182.3,,,,,
E-0001780,COc1ccc2c(c1)c1cc3cnccc3c(C)c1n2C,,,160.4,1351.1,,,,,
E-0001827,Cc1c2ccncc2cc2c3cc(OCCCN4CCN(C)CC4)ccc3n(C)c12,,,,193.5,,,,,
E-0002019,CN(C)CCCOc1ccc(-c2nc3cc(NC(=O)c4ccc5[nH]c(-c6ccc(OCCCN(C)C)cc6)nc5c4)ccc3[nH]2)cc1,,,9.5,,,,,,
E-0002036,CN(C)CCCOc1ccc2nc(-c3ccc(-c4nc5ccc(OCCCN(C)C)cc5[nH]4)c(F)c3)[nH]c2c1,,,,162.0,,,,,0.0122
E-0002269,CN(C)CC(O)COc1ccc2nc(-c3ccc(-c4nc5ccc(OCC(O)CN(C)C)cc5[nH]4)c(F)c3)[nH]c2c1,,,18.9,64.2,,,,,
E-0002284,COc1ccc(-c2nc3ccc(OCCCN(C)C)cc3[nH]2)cc1NC(=O)c1cccc(NC(=O)c2ncc[nH]2)c1,,,14.9,66.1,,,,,
E-0002290,Cc1ccc(-c2nc3ccccc3[nH]2)cc1NC(=O)c1cccc(-c2nc3cc(OCCCN(C)C)ccc3[nH]2)c1,,,15.0,167.0,,,,,
E-0002377,COc1ccc2nc(-c3ccc(-c4nc5ccc(OCCCC(=N)N)cc5[nH]4)cc3)[nH]c2c1,,,243.3,77.7,,,,,
E-0003046,CN(C)C1CCN(c2ccc3nc(-c4ccc(-c5nc6ccc(N7CCC(N(C)C)CC7)cc6[nH]5)cc4)[nH]c3c2)CC1,,,8.8,,,,,,
E-0003079,CN(C)CCCOc1ccc2nc(-c3cccc4nc(-c5ccncc5)[nH]c34)[nH]c2c1,,,7.4,342.0,,,,,
E-0003089,CN(C)CCCOc1ccc(-c2nc3cc(-c4ccc5[nH]c(N)nc5c4)ccc3[nH]2)cc1,,,14.2,82.8,,,,,
E-0003090,CN(C)CCCOc1ccc(-c2nc3cc(-c4ccc5[nH]cnc5c4)ccc3[nH]2)cc1,,,18.9,336.0,,,,,
E-0010021,CN(C)Cc1ccc(CNC(=O)Nc2ccc3nnsc3c2)cc1,,,9.9,180.0,,,,,
E-0010022,CN(C)CCOc1ccc(CNC(=O)Nc2ccc3nnsc3c2)cc1,,,15.6,250.1,,,,,
E-0010024,CC(NC(=O)Nc1ccc2nnsc2c1)c1cnn(C)c1,,,,36.0,,,,,
E-0010025,O=C(NCc1cn[nH]c1)Nc1ccc2nnsc2c1,,,9.3,2044.5,,,,,
E-0010059,CN1CCC(C(=O)NCc2cccc(CNC(=O)Nc3ccc4nnsc4c3)c2)CC1,,,9.1,54.8,,,,,
E-0010060,O=C(NCc1cccc(CNC(=O)c2nc3ccccc3[nH]2)c1)Nc1ccc2nnsc2c1,,,54.4,658.3,,,,,
E-0010062,CN(C)CCCOc1ccc(CNC(=O)Nc2ccc3ncccc3c2)cc1,,,,39.4,,,,,
E-0010066,CN(C)CCCOc1ccc(CNC(=O)Nc2ccc3ncsc3c2)cc1,,,,69.1,,,,,
E-0010071,COc1ccc2nc(-c3ccc(-c4nc5ccc(OCCCNC(=N)N(C)C)cc5[nH]4)cc3)[nH]c2c1,,,173.4,96.7,,,,,
E-0010120,CN(C)CCCOc1ccc(CNC(=O)Nc2ccc3cnccc3c2)cc1,,,15.8,675.8,,,,,
E-0010121,NCc1cccc(CNC(=O)Nc2ccc3ncccc3c2)c1,,,123.2,439.0,,,,,
E-0010138,COc1ccc2c(c1)c1cc3c(C(=O)N[C@H](C)CN(C)C)nccc3c(C)c1n2C,,,,4085.9,,,,,
E-0010347,Cc1c2ccncc2cc2c3cc(OCCN(C)C)ccc3n(C)c12,,121.0,,418.1,,,5.2,,
E-0010358,Cc1c2ccncc2cc2c3cc(OCCCN4CCOCC4)ccc3n(C)c12,,,10.7,517.0,,,,,
E-0010360,Cc1c2ccncc2cc2c3cc(OCCCN4CCCC4)ccc3n(C)c12,,,,273.8,,,,,
E-0010361,CCN(CC)CCCOc1ccc2c(c1)c1cc3cnccc3c(C)c1n2C,,,,243.6,,,,,
E-0010362,Cc1c2ccncc2cc2c3cc(OCCN4CCOCC4)ccc3n(C)c12,,,10.7,685.0,,,,,
E-0010455,Cc1c2ccncc2cc2c3cc(OCC(N)=O)ccc3n(C)c12,,,46.2,399.0,,,,,
E-0010457,Cc1c2ccncc2cc2c3cc(C(=O)NCCN(C)C)ccc3n(C)c12,,,,325.0,,,,,
E-0010464,COc1ccc2c(c1)c1cc(C(=O)NCCCN(C)C)nc(C)c1n2C,,182.0,,481.7,,,23.7,,
E-0010481,Cc1nc(C(=O)NCCCN(C)C)cc2c3cc(OCCCN(C)C)ccc3n(C)c12,,203.0,,275.1,,,62.1,,
E-0010482,Cc1nc(C(=O)NCCN(C)C)cc2c3cc(OCCCN(C)C)ccc3n(C)c12,,224.0,,216.7,,,37.0,,
E-0010495,Cc1c2ccncc2cc2c3cc(OCC4=NCCN4)ccc3n(C)c12,,,,233.0,,,,,
E-0010519,CN(C)CCCNC(=O)c1cc2c3cc(OCCCN(C)C)ccc3n(C)c2cn1,,180.0,,128.9,,,43.9,,
E-0010520,CN(C)CCCOc1ccc2c(c1)c1cc(C(=O)NCCN(C)C)ncc1n2C,,194.0,,41.2,,,74.1,,
E-0010559,CNC(=O)COc1ccc2c(c1)c1cc3cnccc3c(C)c1n2C,,12.5,48.9,737.5,,,1.4,,
E-0010561,COc1ccc2c(c1)c1cc3c(C(=O)NCCN(C)C)nccc3c(C)c1n2C,,157.0,,3325.1,,,3.6,,
E-0010562,Cc1c2ccncc2cc2c3cc(OCCN4CCCCC4)ccc3n(C)c12,,140.0,12.6,297.7,,,3.4,,
E-0010567,Cc1c2ccncc2cc2c3cc(OCCN)ccc3n(C)c12,,156.0,13.6,144.2,,,2.9,,
E-0010568,COc1ccc2c(c1)c1cc3c(C(=O)NCCCN(C)C)nccc3c(C)c1n2C,,,,1426.9,,,,,
E-0010569,Cc1c2ccncc2cc2c3cc(OCCN4CCN(C)CC4)ccc3n(C)c12,,237.0,17.6,266.8,,,2.4,,
E-0010578,CCN(CC)CCOc1ccc2c(c1)c1cc3cnccc3c(C)c1n2C,,245.0,12.7,237.5,,,3.1,,
E-0010584,COc1ccc2c(c1)c1cc3ccncc3c(C)c1n2C,,,90.7,1456.8,,,0.8,,
E-0010596,Cc1c2ccncc2cc2c3ccc(OCC4=NCCN4)cc3n(C)c12,,,,611.9,,,,,
E-0010600,COc1ccc2oc3c(C)c4ccncc4cc3c2c1,,,112.1,273.4,,,0.6,,
E-0010604,Cc1c2ccncc2cc2c3cc(OC[C@H]4CCCN4)ccc3n(C)c12,,174.0,,211.2,,,3.7,,
E-0010607,Cc1c2ccncc2cc2c3c(OCC4=NCCN4)cccc3n(C)c12,,,18.7,578.9,,,,,
E-0010611,Cc1c2ccncc2cc2c3cc(OC[C@@H]4CCCN4)ccc3n(C)c12,,227.0,,228.2,,,1.8,,
E-0010625,Cc1c2ccncc2cc2c3cc(OCC(=O)N(C)C)ccc3n(C)c12,,7.73,65.7,867.9,,,1.7,,
E-0010627,Cc1nc(C(=O)NCCCN(C)C)cc2c3cc(OCCN4CCOCC4)ccc3n(C)c12,,150.0,,498.1,,,47.1,,
E-0010628,Cc1nc(C(=O)NCCCN(C)C)cc2c3cc(OCC4=NCCN4)ccc3n(C)c12,,,,56.6,,,,,
E-0010647,CN(C)CCCNc1nc(Nc2ccncc2)nc2ccccc12,1.5,,,,4.16,1.92,,,
E-0010656,CCn1c2ccc(OCC3=NCCN3)cc2c2cc3cnccc3c(C)c21,,202.0,,485.1,,,1.4,,
E-0010660,Cc1c2ccncc2cc2c3cc(OCC4=NCCN4C)ccc3n(C)c12,,74.7,,244.4,,,5.6,,
E-0010662,Cn1c2ccc(OCCN3CCOCC3)cc2c2cc3cnccc3cc21,,208.0,29.0,1364.9,,,1.8,,
E-0010676,Cc1c2ccncc2cc2c1sc1ccc(OCCN3CCOCC3)cc12,,,45.5,2336.6,,,,,
E-0010686,Cc1c2ccncc2cc2c3cc(OCC4=NCCN4)ccc3n(C(C)C)c12,,,,405.1,,,,,
E-0010690,Cc1c2ccncc2cc2c3cc(C(N)=O)ccc3n(C)c12,,,73.4,1405.5,,,1.7,,
E-0010691,CNC(=O)c1ccc2c(c1)c1cc3cnccc3c(C)c1n2C,,,41.1,221.8,,,1.7,,
E-0010712,Cc1c2ccncc2cc2c3cc(C(=O)NCCO)ccc3n(C)c12,,,16.4,191.4,,,,,
E-0010713,COCCNC(=O)c1ccc2c(c1)c1cc3cnccc3c(C)c1n2C,,144.0,40.0,1900.2,,,5.9,,
E-0010724,Cc1c2ccncc2cc2c3cc(OC[C@H](C)N)ccc3n(C)c12,,,,71.1,,,,,
E-0010727,Cc1nc(C(N)=O)cc2c3cc(OCCN4CCOCC4)ccc3n(C)c12,,14.5,11.7,1602.1,,,8.5,,
E-0010730,Cc1c2ccnc(C(=O)N[C@H](C)CN(C)C)c2cc2c3ccc(OCCCN4CCN(C)CC4)cc3n(C)c12,,204.0,15.6,1050.6,,,8.4,,
E-0010733,Cn1c2ccc(OCCN3CCOCC3)cc2c2cc3ncccc3cc21,,107.0,33.0,3579.0,,,4.3,,
E-0010734,CN(C)CCOc1ccc2c(c1)c1cc3ncccc3cc1n2C,,223.0,21.5,1959.7,,,8.1,,
E-0010736,Cc1c2ccncc2cc2c3cc(OCCN4CCC(O)CC4)ccc3n(C)c12,,216.0,18.4,177.3,,,2.8,,
E-0010737,Cc1c2ccncc2cc2c3cc(OCCN4CCC(F)CC4)ccc3n(C)c12,,135.0,26.6,545.1,,,1.3,,
E-0010738,Cc1c2ccncc2cc2c3cc(OC[C@H](C)N(C)C)ccc3n(C)c12,,207.0,13.2,260.7,,,1.8,,
E-0010739,Cc1c2c(cc3c4cc(OCC5=NCCN5)ccc4n(C)c13)C(=O)NCC2,,171.0,20.6,175.5,,,12.6,,
E-0010751,Cn1c2ccc(OCC3=NCCN3)cc2c2cc3cnccc3cc21,,193.0,,687.7,,,7.0,,
E-0010754,CN(C)CCOc1ccc2c(c1)c1cc3cnccc3cc1n2C,,170.0,19.5,369.4,,,8.2,,
E-0010765,Cc1c2ccnc(C(=O)N[C@H](C)CN(C)C)c2cc2c3c(OCCCN4CCN(C)CC4)cccc3n(C)c12,,146.0,22.7,122.1,,,2.3,,
E-0010766,Cc1nc(C(N)=O)cc2c3cc(OCC4=NCCN4)ccc3n(C)c12,,183.0,,244.7,,,29.0,,
E-0010767,Cn1c2ccc(OCCN3CCCCC3)cc2c2nc3cnccc3nc21,,168.0,11.2,448.1,,,20.9,,
E-0010768,Cc1c2ccncc2cc2c3cc(C#N)ccc3n(C)c12,,,136.7,899.7,,,,,
E-0010771,CN(C)CCNC(=O)c1ccc2c(c1)c1cc3ccncc3nc1n2C,,,,739.2,,,,,
E-0010772,Cn1c2ccc(OCC3=NCCN3)cc2c2cc3ccncc3nc21,,,27.9,1145.2,,,,,
E-0010774,Cc1c2ccncc2cc2c3cc(N4CCN(C)CC4)ccc3n(C)c12,,,,299.1,,,,,
E-0010776,Cn1c2ccc(OCCN3CCOCC3)cc2c2nc3cnccc3nc21,,130.0,20.0,1125.8,,,22.5,,
E-0010784,Cn1c2ccc(OCC(=N)N)cc2c2cc3cnccc3cc21,,34.3,,683.0,,,6.0,,
E-0010786,Cn1c2ccc(OCC3=NCCN3)cc2c2nc3cnccc3nc21,,163.0,,548.8,,,28.7,,
E-0010812,Cc1c2c(cc3c4cc(OCC5=NCCN5)ccc4n(C)c13)C(=O)N(C)CC2,,152.0,12.9,439.1,,,8.4,,
E-0010816,CN(C)CCCNc1nccc2c1C(=O)c1c([nH]c3ccc(OCC4=NCCN4)cc13)C2=O,,,,34.0,,,,,
E-0010922,Cc1c2ccncc2cc2c3cc(OCC4=NCCN4)cc(F)c3n(C)c12,,,12.6,1129.6,,,,,
E-0010975,CCn1c2ccc(OCC3=NCCN3)cc2c2cc3cnccc3cc21,,147.0,24.7,273.9,,,13.5,,
E-0010989,Cc1c2ccncc2cc2c3cc(OCCN(C)C)cc(F)c3n(C)c12,,,,799.6,,,,,
E-0010994,Cn1c2ccc(OCC(=N)N)cc2c2cc3ncccc3cc21,,78.3,15.7,1853.6,,,6.2,,
E-0011026,COc1ccc(Nc2nccc(NCCc3ccncc3)n2)cc1,2.8,67.4,104.8,1164.8,26.39,0.78,8.0,,
E-0011078,CN(C)CCCn1ccc2nc3ccc(OCC4=NCCN4)cc3c-2c1,,207.0,,,,,72.8,,
E-0011079,c1cc2cc3[nH]c4ccc(OCC5=NCCN5)cc4c3cc2cn1,,160.0,22.8,193.3,,,69.4,,
E-0011083,CNc1ccnc(N(CCc2cccnc2)c2ccnc(Nc3ccc(Cl)cc3)n2)n1,-0.1,95.2,25.4,339.3,,,9.5,,
E-0011122,NC(=O)CN1C(=O)Cc2ccc(-c3ccccc3)cc21,,40.4,13.5,136.3,,,5.4,,
E-0011133,CNc1ccnc(N(CCc2cccnc2)c2ccnc(Nc3ccc(OC)cc3)n2)n1,-0.6,90.8,20.6,319.3,,,29.4,,
E-0011137,CNc1ccnc(N(CCc2ccncc2)c2ccnc(Nc3ccc(OC)cc3)n2)n1,-0.6,97.2,19.9,361.8,,,30.7,,
E-0011166,Cc1c2cnccc2cc2c3cc(OCCN(C)C)ccc3n(C)c12,,158.0,33.4,664.2,,,2.9,,
E-0011167,COC(C)Cn1c(=O)n(C)c2cnc3ccc(-c4cncc(C(C)(C)O)c4)cc3c21,,,,,,,21.8,,
E-0011189,C[C@H](NC(=O)c1ccc2c(c1)c1cc(C(=O)N[C@@H](C)C(N)=O)ccc1n2C)C(N)=O,,153.0,,,,,52.4,,
E-0011190,Cc1c2ccncc2cc2c3cc(OCC[C@@H](C)N)ccc3n(C)c12,,182.0,14.0,193.9,,,1.5,,
E-0011191,COc1ccc2c(c1)c1cc(NC(=O)NCCN(C)C)nc(C)c1n2C,,146.0,22.0,304.7,,,14.9,,
E-0011195,NC(=O)CCN1C(=O)Cc2c1ccc1ccccc21,,189.0,9.6,379.0,,,19.4,,
E-0011210,Cc1c2ccncc2cc2c3cc(OCC[C@H](C)N)ccc3n(C)c12,,165.0,17.1,236.2,,,1.5,,
E-0011211,Cc1c2ccncc2cc2c3cc(OC[C@H](C)Nc4ccccn4)ccc3n(C)c12,,,148.1,1513.3,,,,,
E-0011212,Cc1c2ccnc(C(=O)N[C@H](C)CN(C)C)c2cc2c3cc(OCC(N)=O)ccc3n(C)c12,,196.0,,1577.6,,,12.6,,
E-0011213,Cc1c2ccnc(C(=O)N[C@H](C)CN(C)C)c2cc2c3cc(OC[C@H](C)N)ccc3n(C)c12,,218.0,,361.5,,,3.5,,
E-0011214,CC(=O)N[C@@H](C)COc1ccc2c(c1)c1cc3cnccc3c(C)c1n2C,,74.3,30.8,653.2,,,13.4,,
E-0011215,Cc1c2ccncc2cc2c3cc(OC[C@H](C)NC(N)=O)ccc3n(C)c12,,,20.4,491.5,,,0.8,,
E-0011216,NC(=O)Cn1ccc2ccc(-c3ccccc3)cc21,,42.2,44.2,1073.4,,,2.5,,
E-0011217,Cc1nc(NC(=O)NCCN(C)C)cc2c3cc(OCC4=NCCN4)ccc3n(C)c12,,214.0,,387.8,,,40.3,,
E-0011219,Cc1c2ccncc2cc2c3cc(OCCC(C)(C)N)ccc3n(C)c12,,231.0,,130.6,,,2.3,,
E-0011225,Cc1nc(NC(=O)NCCN(C)C)cc2c3cc(OCC(N)=O)ccc3n(C)c12,,167.0,15.3,166.2,,,44.5,,
E-0011226,CCN[C@@H](C)COc1ccc2c(c1)c1cc3cnccc3c(C)c1n2C,,228.0,,279.6,,,2.5,,
E-0011227,CN[C@@H](C)COc1ccc2c(c1)c1cc3cnccc3c(C)c1n2C,,204.0,,265.2,,,3.6,,
E-0011232,CCCN[C@@H](C)COc1ccc2c(c1)c1cc3cnccc3c(C)c1n2C,,153.0,15.4,240.6,,,2.6,,
E-0011233,COCCN[C@@H](C)COc1ccc2c(c1)c1cc3cnccc3c(C)c1n2C,,167.0,17.1,239.0,,,1.7,,
E-0011234,Cc1c2ccncc2cc2c3cc(OC[C@H](C)NCC(F)F)ccc3n(C)c12,,65.6,54.2,1418.1,,,2.3,,
E-0011235,Cc1nc(C(N)=O)cc2c3cc(OC[C@H](C)N)ccc3n(C)c12,,190.0,,383.3,,,23.0,,
E-0011236,Cc1c2ccncc2cc2c3cc(C(=O)NC[C@H](C)N)ccc3n(C)c12,,111.0,16.0,156.6,,,3.3,,
E-0011240,Cc1c2ccncc2cc2c3cc(C(=O)N[C@@H](C)CN)ccc3n(C)c12,,173.0,27.9,245.5,,,6.6,,
E-0011241,Cn1c2ccc(OCC3=NCCN3)cc2c2cc(C(N)=O)ccc21,,211.0,,914.5,,,34.1,,
E-0011242,Cc1c2ccncc2cc2c3cc(C(=O)N[C@H](C)CN)ccc3n(C)c12,,210.0,16.0,444.9,,,5.3,,
E-0011243,Cc1c2ccncc2cc2c3cc(OC[C@H](C)NC(C)C)ccc3n(C)c12,,206.0,,175.4,,,1.2,,
E-0011246,Cn1c2ccc(OCC(N)=O)cc2c2cc(-c3ccccc3)ccc21,,,77.6,435.7,,,,,
E-0011247,C[C@H](N)COc1ccc2c(c1)c1cc(C(N)=O)ccc1n2C,,212.0,,1377.7,,,24.2,,
E-0011248,Cn1c2ccc(OCC(N)=O)cc2c2cc(-c3ccncc3)ccc21,,,19.6,265.0,,,0.3,,
E-0011249,Cc1c2ccncc2cc2c3cc(C(=O)NC[C@@H](C)N)ccc3n(C)c12,,176.0,10.4,264.8,,,7.7,,
E-0011250,Cc1c2ccncc2cc2c3cc(C(=O)NC[C@@H](C)O)ccc3n(C)c12,,144.0,42.2,729.6,,,1.6,,
E-0011251,Cc1c2ccncc2cc2c3cc(C(=O)N[C@H](C)CN(C)C)ccc3n(C)c12,,232.0,28.2,1401.0,,,6.0,,
E-0011252,Cc1c2ccncc2cc2c3cc(C(=O)NC[C@H](C)O)ccc3n(C)c12,,83.9,39.2,721.4,,,2.6,,
E-0011253,C[C@H](N)COc1ccc2c(c1)c1nc3cnccc3nc1n2C,,228.0,16.8,346.6,,,24.0,,
E-0011255,COC[C@H](C)NC(=O)c1ccc2c(c1)c1cc3cnccc3c(C)c1n2C,,125.0,92.3,1409.6,,,0.9,,
E-0011256,Cn1c2ccc(OCC(N)=O)cc2c2nc3cnccc3nc21,,0.19,23.2,1132.5,,,5.9,,
E-0011259,NCCCNc1nc(NC(=O)OCCCN)cc2c(-c3ccnc(N4CCNCC4)c3)cccc12,,174.0,,61.1,,,14.1,,
E-0011261,Cc1nc(CCC(=O)Nc2ccccn2)cc2c3cc(OC[C@H](C)N)ccc3n(C)c12,,215.0,22.3,1061.3,,,,,
E-0011262,Cc1c2ccncc2cc2c3cc(C(=O)N[C@H](C)CO)ccc3n(C)c12,,123.0,35.7,1377.9,,,,,
E-0011263,Cc1c2ccnc(C(=O)NCC(N)=O)c2cc2c3ccccc3n(C)c12,,,34.2,835.3,,,,,
E-0011264,Cc1c2ccncc2cc2c3cc(C(=O)N[C@@H](C)CO)ccc3n(C)c12,,91.1,41.7,1249.3,,,,,
E-0011265,Cc1c2ccnc(C(=O)N[C@H](C)CN(C)C)c2cc2c3ccccc3n(C)c12,,132.0,11.3,2626.3,,,,,
E-0011266,Cc1nc(CCCNc2ccccn2)cc2c3cc(OC[C@H](C)N)ccc3n(C)c12,,186.0,44.2,1740.2,,,7.2,,
E-0011267,C[C@H](N)COc1ccc2c(c1)c1ccc(-c3cccnc3)cc1n2C,,151.0,,97.8,,,0.7,,
E-0011268,Cc1c2ccccc2cc2c3cc(OC[C@H](C)N)ccc3n(C)c12,,,,70.4,,,,,
E-0011270,C[C@H](N)COc1ccc2c(c1)c1cc(-c3ccncc3)ccc1n2C,,23.3,,190.1,,,0.8,,
E-0011271,Cc1c2ccccc2cc2c3cc(OCC4=NCCN4)ccc3n(C)c12,,24.9,8.7,658.4,,,,,
E-0011272,Cn1c2ccc(OCC(N)=O)cc2c2ccc(-c3cccnc3)cc21,,,,146.7,,,1.8,,
E-0011273,Cc1c2ccnc(C(=O)NCCN)c2cc2c3ccccc3n(C)c12,,,,441.4,,,1.9,,
E-0011276,C[C@H](N)COc1ccc2c(c1)c1ccc(-c3ccncc3)cc1n2C,,146.0,,104.0,,,0.7,,
E-0011277,Cc1c2ccncc2cc2c3cc(C(=O)NC[C@@H](C)N(C)C)ccc3n(C)c12,,152.0,12.2,263.2,,,3.5,,
E-0011278,Cn1c2ccc(OCC(N)=O)cc2c2ccc(-c3ccncc3)cc21,,174.0,,,,,22.6,,
E-0011279,Cc1c2ccncc2cc2c3cc(C(=O)N[C@@H](C)CN(C)C)ccc3n(C)c12,,171.0,11.3,456.7,,,3.9,,
E-0011280,Cn1c2ccc(OCC(N)=O)cc2c2nc3ccccc3nc21,,,120.4,288.6,,,0.9,,
E-0011282,Cn1c2ccc(OCCN3CCCCC3)cc2c2nc3ccccc3nc21,,157.0,17.6,1648.1,,,1.2,,
E-0011283,CCN(CC)CCOc1ccc2c(c1)c1nc3cnccc3nc1n2C,,190.0,10.1,535.2,,,22.3,,
E-0011285,Cc1c2ccncc2cc2c3cc(C(=O)NCC(N)=O)ccc3n(C)c12,,3.28,16.9,793.4,,,29.7,,
E-0011286,Cc1c2ccncc2cc2c3cc(C(=O)N[C@@H](C)C(N)=O)ccc3n(C)c12,,0.292,17.9,774.6,,,60.0,,
E-0011287,Cc1c2ccccc2cc2c3cc(OCC(N)=O)ccc3n(C)c12,,,19.2,99.3,,,2.3,,
E-0011288,Cc1c2ccncc2cc2c3cc(C(=O)N[C@H](C)C(N)=O)ccc3n(C)c12,,6.22,15.3,613.7,,,3.4,,
E-0011289,COC(C)(C)CNC(=O)c1ccc2c(c1)c1cc3cnccc3c(C)c1n2C,,71.6,101.6,1604.0,,,1.1,,
E-0011290,CCN(CC)CCCOc1ccc2c(c1)c1nc3cnccc3nc1n2C,,165.0,10.8,569.9,,,16.6,,
E-0011291,Cn1c2ccc(OCC(N)=O)cc2c2nc3cnccc3cc21,,5.72,41.2,1661.1,,,1.7,,
E-0011292,Cn1c2ccc(OCCN3CCCCC3)cc2c2nc3cnccc3cc21,,131.0,12.0,661.2,,,6.2,,
E-0011293,Cn1c2ccc(C(=O)NCCO)cc2c2nc3ccccc3nc21,,,17.5,394.3,,,1.8,,
E-0011294,COC1CCN(CCOc2ccc3c(c2)c2nc4cnccc4nc2n3C)CC1,,209.0,19.3,550.1,,,15.3,,
E-0011295,Cn1c2ccc(OCCN3CCC(F)CC3)cc2c2nc3cnccc3nc21,,126.0,44.7,1091.5,,,4.3,,
E-0011296,CN[C@@H](C)COc1ccc2c(c1)c1nc3cnccc3nc1n2C,,196.0,20.7,520.5,,,38.1,,
E-0011297,Cc1c2ccncc2cc2c3cc(C(=O)NC[C@H](C)N(C)C)ccc3n(C)c12,,156.0,16.3,300.4,,,8.2,,
E-0011298,Cc1c2ccncc2cc2c3cc(C(=O)NCCOC(C)(C)C)ccc3n(C)c12,,,273.2,7870.9,,,2.3,,
E-0011299,COCC(C)(C)NC(=O)c1ccc2c(c1)c1cc3cnccc3c(C)c1n2C,,18.2,481.1,8093.2,,,0.5,,
E-0011300,Cn1c2ccc(OCCN3CCCC3)cc2c2nc3cnccc3nc21,,238.0,10.5,594.2,,,22.3,,
E-0011301,Cn1c2ccc(OCCN3CCOCC3)cc2c2nc3cnccc3cc21,,133.0,14.9,1345.8,,,7.1,,
E-0011302,Cn1c2ccc(OCCCN3CCCCC3)cc2c2nc3cnccc3nc21,,206.0,18.3,597.5,,,10.3,,
E-0011303,Cn1c2ccc(OCCCCN3CCCCC3)cc2c2nc3cnccc3nc21,,197.0,20.4,802.8,,,13.5,,
E-0011304,C[C@H](N)COc1ccc2c(c1)c1cc(-c3ccccc3)ccc1n2C,,,,46.7,,,,,
E-0011305,COc1cccc(-c2cn(C)c3ccc(OCCCN4CCCC4)cc23)c1,2.7,56.6,23.3,4514.3,,,2.2,,
E-0011306,COc1cncc(-c2cn(C)c3ccc(OCCCN4CCCC4)cc23)c1,2.1,73.0,19.6,2654.8,,,8.4,,
E-0011307,C[C@H](N)COc1ccc2c(c1)c1ccc(-c3ccccc3)cc1n2C,,,,,,,0.2,,
E-0011308,CC(C)N[C@@H](C)COc1ccc2c(c1)c1nc3cnccc3nc1n2C,,175.0,17.9,821.9,,,22.8,,
E-0011309,CN1CCN=C1COc1ccc2c(c1)c1nc3cnccc3nc1n2C,,208.0,12.2,459.5,,,26.6,,
E-0011310,CCCN[C@@H](C)COc1ccc2c(c1)c1nc3cnccc3nc1n2C,,202.0,11.2,704.4,,,21.6,,
E-0011311,Cn1c2ccc(OCCCN3CCCC3)cc2c2nc3cnccc3nc21,,210.0,12.4,661.1,,,26.9,,
E-0011312,Cn1c2ccc(OCCCCN3CCCC3)cc2c2nc3cnccc3nc21,,220.0,13.5,747.4,,,17.1,,
E-0011313,C[C@@H](COc1ccc2c(c1)c1nc3cnccc3nc1n2C)N1CCCCC1,,207.0,18.7,964.7,,,20.8,,
E-0011314,C[C@H](N)COc1ccc2c(c1)c1nc3cnccc3cc1n2C,,236.0,8.9,300.3,,,20.4,,
E-0011315,Cn1c2ccc(OC[C@@H]3CCCN3)cc2c2nc3cnccc3nc21,,227.0,,428.3,,,26.4,,
E-0011316,Cn1cc(-c2cccnc2)c2cc(OCCCN3CCCC3)ccc21,1.9,55.0,22.9,4087.9,,,14.2,,
E-0011317,Cc1cc(C#N)cc2c3cc(OCCCN4CCCC4)ccc3n(C)c12,2.9,44.0,14.8,636.5,,,1.9,,
E-0011335,Cc1ccc(CNc2cc(-c3ccccc3)[nH]c(=O)n2)cc1,3.0,10.4,10.0,715.3,20.21,1.39,,,
E-0011365,COc1cccc(Nc2nc(-c3ccccc3)cs2)c1,,5.09,151.6,2121.2,2.02,1.15,,,
E-0011366,COc1ccc(-c2csc(Nc3ccccn3)n2)cc1,4.3,,101.2,2157.8,12.29,0.48,,,
E-0011626,Cc1c2ccncc2cc2c3cc(Oc4ccnc(N)c4)ccc3n(C)c12,,,79.5,833.2,,,0.3,,
E-0011627,Cc1c2ccncc2cc2c3cc(Oc4cccc(N)n4)ccc3n(C)c12,,,152.4,792.2,,,0.4,,
E-0011628,Cc1c2ccncc2cc2c3cc(Oc4ccccn4)ccc3n(C)c12,,,394.8,808.7,,,1.4,,
E-0011629,COCCNC(=O)c1ccc2c(c1)c1nc3cnccc3nc1n2C,,4.29,12.0,622.8,,,12.0,,
E-0011630,Cc1c2ccncc2cc2c3cc(Oc4ccncc4)ccc3n(C)c12,,,128.0,492.1,,,0.6,,
E-0011631,Cc1c2ccnc(C(=O)N[C@H](C)CN(C)C)c2cc2c3cc(F)c(F)cc3n(C)c12,,3.67,15.4,937.8,,,1.3,,
E-0011632,Cn1c2ccc(OCCNC3CCC(F)(F)CC3)cc2c2nc3cnccc3nc21,,168.0,34.3,718.4,,,3.7,,
E-0011633,Cc1c2ccnc(C(=O)NCCN)c2cc2c3cc(F)ccc3n(C)c12,,,,316.9,,,1.8,,
E-0011634,Cn1c2ccc(OCC(N)=O)cc2c2cc3ccccc3nc21,,,81.5,494.5,,,1.7,,
E-0011635,Cc1c2ccnc(C(=O)NCCN)c2cc2c3cc(F)c(F)cc3n(C)c12,,,,80.7,,,0.6,,
E-0011636,Cn1c2ccc(OCCNC3CCOCC3)cc2c2nc3cnccc3nc21,,210.0,16.3,452.9,,,21.1,,
E-0011637,Cc1cc(-n2cccn2)cc2c3cc(OCCCN4CCCC4)ccc3n(C)c12,3.1,33.2,10.2,1769.5,,,0.6,,
E-0011638,Cc1cc(-n2ccnc2)cc2c3cc(OCCCN4CCCC4)ccc3n(C)c12,2.8,55.1,8.1,226.6,,,1.7,,
E-0011639,Cn1c2ccc(OCCN3CCCCC3)cc2c2cc3ccccc3nc21,,132.0,,1484.7,,,3.4,,
E-0011640,Cn1c2ccc(OCC3=NCCN3)cc2c2nc3cnccc3cc21,,178.0,13.9,642.4,,,16.7,,
E-0011641,Cn1c2ccc(OCCN3CCCCC3)cc2c2nc3cc(Cl)c(Cl)cc3nc21,,,,49.8,,,0.4,,
E-0011642,Cn1c2ccc(OCCN3CCCCC3)cc2c2cc(-c3ccncc3)ccc21,,146.0,12.2,345.3,,,4.0,,
E-0011643,Cn1c2ccc(C(=O)NCCO)cc2c2nc3cnccc3cc21,,134.0,13.7,720.0,,,10.6,,
E-0011644,Cc1c2ccnc(C(=O)N[C@H](C)CN(C)C)c2cc2c3cc(F)ccc3n(C)c12,,71.1,,1334.9,,,6.3,,
E-0011645,Cn1c2ccc(OCCN3CCCCC3)cc2c2ccc(-c3ccncc3)cc21,,106.0,35.5,300.3,,,1.3,,
E-0011646,O=C1CCc2ccc(-c3ccc(OCCN4CCCCC4)cc3)cc2N1,2.6,61.1,2.4,527.7,,,4.8,,
E-0011647,Cn1c(=O)ccc2ccc(-c3ccc(OCCN4CCCCC4)cc3)cc21,2.8,26.1,13.3,210.3,,,3.7,,
E-0011648,c1cc2ccc(-c3ccc(OCCN4CCCCC4)cc3)cc2cn1,3.3,49.0,20.0,1447.9,14.28,0.41,2.8,0.6,
E-0011649,C[C@H](N)COc1ccc2c(c1)c1cc3ccccc3nc1n2C,,126.0,,248.4,,,2.5,,
E-0011650,Cc1c2ccncc2cc2c3cc(Oc4cccnc4)ccc3n(C)c12,,,213.7,893.9,,,0.1,,
E-0011651,Cn1c2ccc(OCC(N)=O)cc2c2cc3ccncc3nc21,,4.69,84.4,976.8,,,12.9,,
E-0011652,Cc1c2ccncc2cc2c3ccccc3n(CCN(C)C)c12,,121.0,93.5,1419.5,,,1.3,,
E-0011653,Cc1c2ccnc(C(=O)NCCN(C)C)c2cc2c3cc(F)c(F)cc3n(C)c12,,8.16,10.3,590.4,,,0.9,,
E-0011654,Cn1c2ccc(OCCN3CCCCC3)cc2c2cc3ccncc3nc21,,123.0,35.3,1295.3,,,6.7,,
E-0011655,CN1CCN=C1COc1ccc2c(c1)c1cc3ccccc3nc1n2C,,114.0,,2503.9,,,0.8,,
E-0011656,Cn1c2ccc(OCCN3CCCCC3)cc2c2nc3cc(F)c(F)cc3nc21,,114.0,19.3,306.1,,,2.2,,
E-0011657,Cc1c2ccncc2cc2c3cc(Oc4ccc(N)nc4)ccc3n(C)c12,,,78.9,1298.2,,,,,
E-0011658,CN1C(=O)CCc2ccc(-c3ccc(OCCN4CCCCC4)cc3)cc21,2.9,99.8,9.0,1377.7,,,4.5,,
E-0011659,COc1ccc2ccc(-c3ccc(OCCN4CCCCC4)cc3)cc2n1,4.4,50.0,17.2,172.8,,,0.5,,
E-0011660,c1cc(OCCN2CCCCC2)cc(-c2ccc3ccnnc3c2)c1,2.4,107.0,36.9,1081.1,,,11.0,,
E-0011661,c1cc2ccc(-c3ccc(OCCN4CCCCC4)cc3)nc2cn1,2.5,102.0,11.8,500.0,,,18.9,,
E-0011662,O=C1Cc2ccc(-c3ccc(O)cc3)cc2N1,2.5,94.2,41.2,364.0,,,4.7,,
E-0011663,Oc1ccc(-c2ccc3ccncc3c2)cc1,3.6,0.907,72.8,1409.5,,,1.1,,
E-0011664,O=C1Cc2ccc(-c3cccc(O)c3)cc2N1,2.5,80.4,88.8,2271.0,,,5.5,,
E-0011665,CN1C(=O)Cc2ccc(-c3cccc(O)c3)cc21,2.6,73.0,128.0,2282.9,,,4.3,,
E-0011666,Oc1cccc(-c2ccc3ccncc3c2)c1,3.6,10.2,98.6,1433.7,,,1.7,,
E-0011667,COc1ccccc1Nc1nc(-c2ccc(F)cc2)cs1,,1.38,103.0,1894.8,,,0.1,,
E-0011668,CN(C)c1cccc(Nc2nc(-c3ccc(F)cc3)cs2)c1,,0.43,84.8,4090.6,,,0.0,,
E-0011669,COc1cc(Nc2nccc(=O)[nH]2)cc(OC)c1,1.3,94.1,22.0,1559.2,,,27.3,,
E-0011670,COc1cccc(Nc2nccc(=O)[nH]2)c1,1.1,103.0,15.5,691.0,,,41.1,,
E-0011671,Cc1cccc(Nc2nccc(=O)[nH]2)c1,1.5,97.4,21.4,666.4,,,30.1,,
E-0011672,Cc1c2ccnc(C(=O)NCCN(C)C)c2cc2c3cc(F)ccc3n(C)c12,,27.9,,597.5,,,1.9,,
E-0011673,COc1ccc2c(c1)c1cc3cnccc3c(C)c1n2CCN1CCCCC1,,138.0,44.6,1088.5,,,0.2,,
E-0011674,Cc1c2ccncc2cc2c3ccccc3n(CC3=NCCN3)c12,,193.0,25.6,205.9,,,19.9,,
E-0011675,Cc1c2ccncc2cc2c3ccccc3n(CCN3CCCCC3)c12,,145.0,46.8,1019.7,,,0.2,,
E-0011676,Cc1c2ccncc2cc2c3ccccc3n(CCN3CCOCC3)c12,,145.0,60.3,1083.4,,,1.5,,
E-0011677,Cn1c2ccc(OCCN)cc2c2nc3cnccc3nc21,,146.0,15.0,266.0,,,32.8,,
E-0011678,Cn1c2ccc(OCCN3CCOCC3)cc2c2cc3cnccc3nc21,,116.0,23.6,1400.4,,,5.3,,
E-0011679,C[C@H](N)COc1ccc2c(c1)c1cc3ccncc3nc1n2C,,179.0,14.5,279.0,,,19.0,,
E-0011694,Fc1cc(-c2ccnc(Nc3cccc(CN4CCOCC4)c3)n2)cc(N2CCOCC2)c1,4.0,0.13,127.6,3063.2,14.8,0.7,0.6,0.22,
E-0011695,O=C1Cc2ccc(-c3ccc(OCCN4CCCCC4)cc3)cc2N1,2.5,75.0,5.1,91.9,,,8.2,,
E-0011696,CN1C(=O)Cc2ccc(-c3ccc(OCCN4CCCCC4)cc3)cc21,2.6,85.0,6.9,881.9,,,5.2,,
E-0011697,O=C1Cc2ccc(-c3cccc(OCCN4CCCCC4)c3)cc2N1,2.5,74.8,6.9,186.2,,,12.4,,
E-0011698,c1cc2ccc(-c3ccc(OCCN4CCCCC4)cc3)cc2nn1,2.4,91.8,15.0,649.4,,,9.1,,
E-0011699,c1cc(OCCN2CCCCC2)cc(-c2ccc3ccncc3c2)c1,3.5,70.2,95.2,1150.7,,,3.1,,
E-0011700,CN1C(=O)Cc2ccc(-c3ccc(O)cc3)cc21,2.6,6.34,56.8,570.3,,,2.7,,
E-0011701,Fc1ccc(-c2csc(Nc3ccc4ccccc4c3)n2)cc1,,0.404,257.7,373.7,,,0.0,,
E-0011702,Fc1ccc(-c2csc(Nc3ccncc3)n2)cc1,4.2,2.27,620.8,264.0,,,1.8,,
E-0011703,COc1ccc(Nc2nc(-c3ccc(F)cc3)cs2)cc1,,0.0616,375.7,1608.8,,,0.2,,
E-0011704,CN(C)c1ccccc1Nc1nc(-c2ccc(F)cc2)cs1,,,114.6,2771.7,,,0.0,,
E-0011705,CN(C)c1ccc(Nc2nc(-c3ccc(F)cc3)cs2)cc1,,,185.6,1234.3,,,0.0,,
E-0011706,Nc1ccnc2cc(-c3ccccc3)nn12,3.0,103.0,659.3,2141.8,,,4.5,,
E-0011753,COc1ccc2c(c1)c1cc3cnccc3c(C)c1n2CCN1CCOCC1,,116.0,138.6,1379.9,,,0.9,,
E-0011754,CNCCOc1ccc2c(c1)c1nc3cnccc3nc1n2C,,193.0,,492.4,,,36.8,,
E-0011755,CNCCOc1ccc2c(c1)c1cc3cnccc3c(C)c1n2C,,231.0,9.2,204.3,,,4.0,,
E-0011756,C[C@H](N)COc1ccc2c(c1)c1cc3cnccc3nc1n2C,,171.0,,343.6,,,18.7,,
E-0011757,Cn1c2ccc(OCCN3CCCCC3)cc2c2cc3cnccc3nc21,,204.0,17.9,1032.7,,,7.9,,
E-0011758,Cc1cc(-c2nccs2)cc2c3cc(OCCCN4CCCC4)ccc3n(C)c12,3.3,43.3,9.6,1273.3,,,0.1,,
E-0011759,CN1C(=O)Cc2ccc(-c3cccc(OCCN4CCCCC4)c3)cc21,2.2,78.4,15.2,814.4,,,6.7,,
E-0011760,Cc1cc(C2(C#N)CC2)cc2c3cc(OCCCN4CCCC4)ccc3n(C)c12,2.8,47.1,6.5,1260.2,,,0.8,,
E-0011761,Cc1cc(C#N)cc2c3cc(OCCN4CCCCC4)ccc3n(C)c12,3.3,50.0,25.9,1145.5,,,1.3,,
E-0011762,O=c1ccnc(Nc2cc(Cl)cc(Cl)c2)[nH]1,2.6,81.3,52.7,1341.7,,,0.2,,
E-0011763,O=c1ccnc(Nc2cccc(Cl)c2)[nH]1,1.7,82.6,27.6,587.2,,,13.4,,
E-0011764,CN1CCN=C1COc1ccc2c(c1)c1cc3ccncc3nc1n2C,,174.0,15.8,388.9,,,14.1,,
E-0011765,Cn1c2ccc(OCCN3CCCCC3)cc2c2nc3cc4c(cc3nc21)OCO4,,145.0,13.9,254.4,,,1.7,,
E-0011766,Cn1c2ccc(OCC(N)=O)cc2c2cc3cnccc3nc21,,131.0,55.1,2447.6,,,5.1,,
E-0011791,CS(=O)(=O)Nc1cccc(-c2ccnc(Nc3ccc(CC(N)=O)cc3)n2)c1,1.7,6.94,18.6,708.9,1.65,23.6,,,
E-0011802,Cc1cc(C#N)cc2c3cc(Oc4ccnc(N)c4)ccc3n(C)c12,4.3,1.39,73.1,572.8,,,0.1,,
E-0011803,COCCNC(=O)c1ccc2c(c1)c1cc(C#N)cc(C)c1n2C,3.1,2.48,163.1,753.7,,,2.0,,
E-0011804,COc1cc(Nc2nc(-c3ccccc3)cc(=O)[nH]2)cc(OC)c1,4.0,1.6,76.8,315.8,,,0.2,,
E-0011805,Nc1cc(C2CC2)nc2cc(-c3ccccc3)nn12,3.8,8.2,276.9,776.0,,,1.2,,
E-0011806,COc1ccc(-c2cc(N)n3nc(-c4ccccc4)cc3n2)cc1,4.8,0.1,22.7,169.2,,,0.0,,
E-0011807,COc1cccc(-c2cc(N)n3nc(-c4ccccc4)cc3n2)c1,3.8,0.5,43.3,314.9,,,0.1,,
E-0011808,COC(=O)c1n[nH]cc1Nc1ccccc1,1.5,74.3,382.0,1096.3,,,21.1,,
E-0011833,CC(C)c1cc(N)n2nc(-c3ccccc3)cc2n1,3.9,17.1,295.9,4604.6,,,,,
E-0011834,C#Cc1cc(N)n2nc(-c3ccccc3)cc2n1,3.2,33.0,165.0,1488.0,,,,,
E-0011835,COc1ccccc1-c1cc2nc(-c3ccccc3)cc(N)n2n1,4.5,0.146,48.0,1041.1,,,,,
E-0011836,COC(=O)c1nn(Cc2ccccc2)cc1N,1.1,100.0,8.2,46.7,,,,,
E-0011837,COC(=O)c1c(N)cnn1Cc1ccccc1,1.7,93.0,19.8,91.2,,,,,
E-0011838,Cc1cc(-c2cnccn2)cc2c3cc(OCCCN4CCCC4)ccc3n(C)c12,2.8,78.6,9.2,1125.1,,,,,
E-0011839,Cc1cc(-c2cncs2)cc2c3cc(OCCCN4CCCC4)ccc3n(C)c12,3.3,64.1,10.2,532.2,,,,,
E-0011840,Cc1cc(C#N)cc2c3cc(OCCNC4CCC(F)(F)CC4)ccc3n(C)c12,3.9,5.7,56.5,1019.4,,,,,
E-0011841,Cc1c2ccncc2cc2c3cc(OCC4CNC4)ccc3n(C)c12,1.1,58.2,4.3,212.0,,,,,
E-0011842,Cc1c2ccncc2cc2c3cc(OC4CCNC4)ccc3n(C)c12,1.7,67.8,3.2,374.5,,,,,
E-0011863,COC(=O)c1n[nH]cc1N(C)C,0.2,68.7,8.2,38.4,,,,,
E-0011864,Fc1ccc(-c2csc(Nc3cccc(N4CCOCC4)c3)n2)cc1,,0.14,220.8,1413.3,,,,,
E-0011865,Nc1cc(-c2ccccc2)nc2c(-c3ccccc3)cnn12,5.0,0.46,26.6,74.6,,,,,
E-0011866,CCCc1cc(N)n2nc(-c3ccccc3)cc2n1,4.1,6.49,245.1,4504.6,,,,,
E-0011867,CN(C)c1cc(-c2ccccc2)nc2cc(-c3ccccc3)nn12,5.0,0.61,114.3,2393.7,,,,,
E-0011868,Cc1cc2nc(-c3ccccc3)cc(N)n2n1,3.1,29.6,277.8,2133.6,,,,,
E-0011869,COc1ccc(-c2cc3nc(-c4ccccc4)cc(N)n3n2)cc1,4.9,0.02,932.1,257.8,,,,,
E-0011870,COc1cccc(-c2cc3nc(-c4ccccc4)cc(N)n3n2)c1,4.1,0.02,50.4,600.6,,,,,
E-0011871,OCCNc1cc(-c2ccccc2)nc2cc(-c3ccccc3)nn12,4.3,0.93,41.0,376.8,,,,,
E-0011872,O=C(c1n[nH]c2ccccc12)N1CCC(Nc2ccc(Cl)cc2)CC1,3.8,0.39,8.9,166.2,25.96,0.9,,,
E-0011873,O=C(c1n[nH]c2ccccc12)N1CCC(NCc2ccc(Cl)cc2)CC1,2.7,75.5,26.5,352.8,,,,,
E-0011874,O=C(c1n[nH]c2ccccc12)N1CCN(Cc2ccc(C(F)(F)F)cc2)CC1,4.1,1.29,48.2,758.4,24.23,1.0,0.9,0.5,
E-0011875,Cc1c2ccncc2cc2c3cc(OCC4(C)CNC4)ccc3n(C)c12,1.8,43.0,8.1,272.4,,,,,
E-0011877,Cc1c2ccncc2cc2c3cc(OCC4CCN4)ccc3n(C)c12,2.0,34.7,8.8,382.4,,,,,
E-0011880,Fc1cccc(-c2ccnc(Nc3ccc(CN4CCOCC4)cc3)n2)c1,3.9,4.77,27.6,2065.7,20.19,0.72,1.2,0.3,
E-0011881,c1cc2ccc(-n3cc(OCCN4CCCCC4)cn3)cc2cn1,2.2,67.6,10.9,883.6,29.83,0.84,,,
E-0011882,c1cc2ccc(-n3cc(OCCN4CCCCC4)cn3)cc2nn1,1.4,84.5,5.3,787.4,34.24,0.93,,,
E-0011883,CNc1cc2ccncc2cc1-n1cc(OCCN2CCCCC2)cn1,2.1,84.4,11.9,1504.8,13.84,0.85,,,
E-0011884,Cc1c2ccncc2cc2c3cc(OCCNC4CCOCC4)ccc3n(C)c12,3.2,58.5,0.0,360.3,0.82,0.66,,,
E-0011885,Cc1c2ccncc2cc2c3cc(OC[C@H](C)NC4CCOCC4)ccc3n(C)c12,3.5,47.9,7.4,354.1,0.51,0.89,,,
E-0011888,Nc1cc(-c2ccccc2)nc2nc(-c3ccccc3)cn12,3.9,0.05,6.7,53.4,21.16,0.91,,,
E-0011889,COC(=O)c1nn(-c2ccccc2)cc1N,1.5,90.4,398.8,1176.4,2.3,0.83,,,
E-0011890,COC(=O)c1nn(C(C)C)cc1N,0.2,89.1,11.1,202.9,31.75,0.86,,,
E-0011891,O=C(c1nn(CCO)c2ccccc12)N1CCC(Oc2ccc(Cl)cc2)CC1,3.6,4.74,5.2,336.9,31.5,0.73,,,
E-0011892,CN(C)CCn1nc(C(=O)N2CCC(Oc3ccc(Cl)cc3)CC2)c2ccccc21,3.7,25.8,87.2,2186.3,18.27,0.85,,,
E-0011893,CN1CCN(c2cccc(Nc3nc(-c4ccc(F)cc4)cs3)c2)CC1,4.4,12.2,40.9,2240.3,2.64,1.77,,,
E-0011894,CN(C)CCCOc1ccccc1Nc1nc(-c2ccc(F)cc2)cs1,3.4,42.2,12.5,456.5,2.56,1.37,,,
E-0011895,O=C(c1n[nH]c2ccccc12)N1CCC(Oc2ccccc2Cl)CC1,4.2,1.99,393.9,2759.1,18.23,1.02,,,
E-0011896,O=C(c1n[nH]c2ccccc12)N1CCC(Oc2cccc(Cl)c2)CC1,4.0,4.53,36.0,327.0,9.8,0.84,,,
E-0011897,O=C(c1n[nH]c2ccccc12)N1CCC(Oc2ccc(C(F)(F)F)cc2)CC1,4.6,0.9,0.0,62.5,6.91,0.63,0.2,0.0,
E-0011898,O=C(c1n[nH]c2ccccc12)N1CC(NCc2ccc(Cl)cc2)C1,3.5,2.51,69.5,775.5,37.81,0.53,,,
E-0011899,O=C(c1n[nH]c2ccccc12)N1CCN(Cc2ccccc2Cl)CC1,3.6,6.69,291.5,3126.3,32.64,0.54,,,
E-0011900,O=C(c1n[nH]c2ccccc12)N1CCN(Cc2cccc(Cl)c2)CC1,3.7,33.6,72.6,1222.4,32.5,1.05,,,
E-0011901,O=C(c1n[nH]c2ccccc12)N1CCN(Cc2ccc(F)cc2)CC1,3.1,18.2,21.2,625.5,42.69,0.83,,,
E-0011908,Cc1ccc2[nH]nc(C(=O)N3CCC(Oc4ccc(Cl)cc4)CC3)c2c1,4.3,0.22,17.4,351.4,4.4,0.9,,,
E-0011911,O=C(c1n[nH]c2cc(F)ccc12)N1CCC(Oc2ccc(Cl)cc2)CC1,,0.6,4.0,163.7,4.43,1.22,,,
E-0011913,COc1ccc2c(C(=O)N3CCC(Oc4ccc(Cl)cc4)CC3)n[nH]c2c1,4.2,0.764,14.5,175.3,8.9,0.8,,,
E-0011920,O=C(c1n[nH]c2ncccc12)N1CCC(Oc2ccc(Cl)cc2)CC1,3.9,3.83,6.9,145.6,27.91,1.15,,,
E-0011924,Cc1cc(-c2ccccn2)cc2c3cc(OCCCN4CCCC4)ccc3n(C)c12,3.2,50.9,16.1,1474.9,1.25,1.16,,,
E-0011925,Cc1cc(-c2ncccn2)cc2c3cc(OCCCN4CCCC4)ccc3n(C)c12,2.9,53.4,6.1,1043.5,3.42,0.67,,,
E-0011927,Cc1cc(-c2ccncn2)cc2c3cc(OCCCN4CCCC4)ccc3n(C)c12,2.8,58.4,17.6,1054.8,3.75,0.74,,,
E-0011928,c1cncc(-c2ccnc(Nc3ccc(CN4CCOCC4)cc3)n2)c1,2.4,67.8,40.6,1801.2,38.51,0.74,4.8,8.84,
E-0011929,NC(=O)Cc1ccc(Nc2nccc(-c3cccc(C(N)=O)c3)n2)cc1,1.4,2.73,6.2,193.2,0.66,62.68,,,
E-0011930,c1cc(-c2ccnc(Nc3ccc(CN4CCOCC4)cc3)n2)cc(N2CCOCC2)c1,3.3,8.17,171.8,7083.5,25.12,1.0,,,
E-0011931,CC(C)N1CCN(c2ncn(-c3ccc(Nc4ncccn4)cc3)n2)CC1,1.9,67.7,12.0,660.0,36.13,0.99,,,
E-0011932,CC(=O)Nc1cccc(-c2ccnc(Nc3ccc(CC(N)=O)cc3)n2)c1,1.9,21.4,5.9,221.2,1.68,32.61,,,
E-0011933,Nc1nc2c(-c3ccccc3)cnn2cc1-c1ccccc1,4.0,0.21,99.7,6019.2,,,,,
E-0011934,Nc1c(-c2ccccc2)cnc2c(-c3ccccc3)cnn12,4.4,0.13,104.0,7025.8,,,,,
E-0011937,CN(C)CCOc1ccc(-c2cc3nc(-c4ccccc4)cc(N)n3n2)cc1,3.3,3.1,39.7,1484.4,8.0,0.53,,,
E-0011938,Cn1cc(C(=O)N2CCN(c3ccc(CN4CCC4)cc3)CC2)c2cccnc21,0.3,97.2,0.0,23.6,11.97,2.11,,,
E-0011939,Cn1cc(C(=O)N2CCN(c3ccc(CN4CC(F)C4)cc3)CC2)c2cccnc21,1.8,112.0,22.4,940.5,20.41,0.89,,,
E-0011940,Cn1cc(C(=O)N2CCN(c3ccc(CN4CC(C(F)(F)F)C4)cc3)CC2)c2cccnc21,2.8,47.4,33.2,1250.6,30.59,0.98,,,
E-0011941,Cc1c(N)c(-n2cc(OCCN3CCCCC3)cn2)cc2cnccc12,2.0,77.4,20.0,1192.5,13.56,0.72,,,
E-0011942,CS(=O)(=O)Nc1cccc(-c2ccnc(Nc3ccc(CN4CCOCC4)cc3)n2)c1,2.6,61.6,45.1,3194.3,17.04,1.46,,,
E-0011943,CC(=O)Nc1cccc(-c2ccnc(Nc3ccc(CN4CCOCC4)cc3)n2)c1,2.9,53.6,63.5,3588.1,21.23,1.13,4.4,3.27,
E-0011944,Fc1cc(-c2ccnc(Nc3ccc(CN4CCOCC4)cc3)n2)cc(N2CCOCC2)c1,3.6,1.26,152.9,3250.3,9.31,0.53,1.4,0.38,
E-0011945,NC(=O)Cc1ccc(Nc2nccc(-c3cc(F)cc(N4CCOCC4)c3)n2)cc1,2.8,4.1,11.2,336.0,17.35,1.26,,,
E-0011946,CN1CCN(c2cc(F)cc(-c3ccnc(Nc4ccc(CC(N)=O)cc4)n3)c2)CC1,2.5,12.2,20.2,1166.9,11.77,2.41,,,
E-0011947,CC(C)N1CCN(c2ncn(-c3ccc(Nc4ncc(-c5ccccc5)cn4)cc3)n2)CC1,4.0,2.98,50.4,2937.0,2.55,0.65,,,
E-0011948,CC(C)N1CCN(c2ncn(-c3ccc(Nc4ncc(-c5cccc(F)c5)cn4)cc3)n2)CC1,4.1,1.38,61.9,2881.5,1.53,0.57,,,
E-0011949,Cn1nc(C(=O)N2CCN(Cc3ccc(Cl)cc3)CC2)c2ccccc21,3.5,29.0,41.6,2227.9,39.47,0.66,,,
E-0011950,CN(c1ccc(Cl)cc1)C1CCN(C(=O)c2n[nH]c3ccccc23)CC1,4.5,1.54,25.5,1179.4,10.84,0.77,,,
E-0011951,O=C(c1n[nH]c2ccccc12)N1CCN(Cc2ccc(Cl)c(F)c2)CC1,3.9,2.63,22.3,1104.3,31.04,0.5,,,
E-0011952,O=C(c1n[nH]c2ccccc12)N1CCN(Cc2ccc(Cl)cc2F)CC1,3.8,3.34,30.2,1036.6,33.07,0.68,,,
E-0011953,CCCn1nc(C(=O)N2CCN(Cc3ccc(Cl)cc3)CC2)c2ccccc21,4.6,0.51,121.7,3695.6,6.27,0.61,,,
E-0011954,CC(C)n1nc(C(=O)N2CCN(Cc3ccc(Cl)cc3)CC2)c2ccccc21,4.3,2.64,112.3,3540.8,9.54,0.82,,,
E-0011955,O=C(c1noc2ccccc12)N1CCN(Cc2ccc(Cl)cc2)CC1,3.9,2.34,96.7,2737.9,24.03,0.56,,,
E-0011956,O=C(c1nsc2ccccc12)N1CCN(Cc2ccc(Cl)cc2)CC1,4.0,1.04,73.0,3640.1,26.53,0.64,,,
E-0011971,COc1ccc2[nH]c3c(=O)n(CC4CCC(=O)NC4)cnc3c2c1,1.2,70.6,3.4,97.2,2.4,9.61,,,
E-0011983,COc1ccc2[nH]c3c(=O)n(CC4CC5(CNC5)C4)cnc3c2c1,-0.5,83.8,0.4,66.7,2.01,2.62,,,
E-0011988,COc1ccc2[nH]c3c(=O)n(C[C@@H]4CCCN(C)C4)cnc3c2c1,1.4,67.8,1.9,94.4,29.94,0.97,47.5,,
E-0011989,COc1ccc2[nH]c3c(=O)n(C[C@H]4CCCN(C)C4)cnc3c2c1,1.4,75.0,1.5,39.4,26.49,1.07,,,
E-0011991,COc1ccc2[nH]c3c(=O)n(CCCN4CCCC4)cnc3c2c1,1.1,77.3,0.3,37.4,31.07,0.95,,,
E-0012036,COc1ccc2[nH]c3c(=O)n(CCCN4CCC(OC)CC4)cnc3c2c1,1.7,72.1,3.6,58.0,32.95,1.15,,,
E-0012037,COc1cc2[nH]c3c(=O)n(CCCN4CCCCC4)cnc3c2cc1OC,1.2,71.6,1.5,52.0,14.72,1.96,,,
E-0012055,COc1ccc2[nH]c3c(=O)n(CCCN(C)C4CCCCC4)cnc3c2c1,2.0,71.6,55.2,213.5,32.85,0.72,30.1,3.36,
E-0012083,Cn1cc(C(=O)N2CCN(c3ccc(CN4CC(O)C4)cc3)CC2)c2cccnc21,0.4,74.0,7.1,29.7,5.58,4.02,42.5,30.34,
E-0012085,COc1cc(N)ncc1CCCN(C)CCCn1cnc2c([nH]c3ccccc32)c1=O,1.4,78.8,6.9,69.3,1.5,19.01,,,
E-0012099,COC1CN(Cc2ccc(N3CCN(C(=O)c4cn(C)c5ccccc45)CC3)cn2)C1,1.6,74.8,17.6,95.5,29.04,1.21,,,
E-0012105,COc1ccc2[nH]c3c(=O)n(CCCN(C)CCCc4cnc(N)cc4OC)cnc3c2c1,1.4,65.0,12.9,99.6,1.12,24.88,,,
E-0012110,COC1CN(Cc2ccc(N3CCN(C(=O)c4cc(-c5ccccc5)on4)CC3)cc2)C1,2.7,36.8,10.9,1339.1,31.83,0.68,2.5,,
E-0012116,COC1CN(Cc2ccc(N3CCN(C(=O)c4cn(C)c5ccccc45)CC3)cc2)C1,1.9,63.8,31.0,235.9,27.54,1.03,15.9,7.65,
E-0012118,COC1CN(Cc2ccc(N3CCN(C(=O)c4cc5ccccc5n4C)CC3)cc2)C1,2.3,66.7,80.0,763.8,27.79,0.64,,,
E-0012129,COC1CN(Cc2ccc(N3CCN(C(=O)c4cc(-c5ccccc5)n(C)n4)CC3)cc2)C1,2.3,74.6,14.6,494.6,35.89,0.79,,,
E-0012133,COC1CN(Cc2ccc(N3CCN(C(=O)c4c(C)n(C)c5ccccc45)CC3)cc2)C1,2.3,70.4,159.3,110.4,27.36,0.87,13.6,,
E-0012135,COc1cccc2c(C(=O)N3CCN(c4ccc(CN5CC(OC)C5)cc4)CC3)cn(C)c12,2.5,22.1,28.4,482.8,24.01,0.74,8.8,,
E-0012136,COc1ccc2c(c1)c(C(=O)N1CCN(c3ccc(CN4CC(OC)C4)cc3)CC1)cn2C,2.0,25.6,7.5,85.1,28.23,0.87,12.1,,
E-0012140,COC1CN(Cc2ccc(N3CCN(C(=O)c4c5ccccc5n5ccccc45)CC3)cc2)C1,2.7,65.6,206.1,753.9,19.78,1.02,,,
E-0012145,COc1ccc2[nH]c3c(=O)n(CCCN4CCCCC4)cnc3c2c1,1.6,75.0,7.0,79.5,34.83,0.8,44.7,7.7,
E-0012146,CCOc1ccc2c(c1)c1ncn(CCCN(C)C3CCCCC3)c(=O)c1n2C,,,,,,,5.1,0.8,
E-0012150,Cn1cc(C(=O)N2CCN(c3ccc(CN4CC(C)(O)C4)cc3)CC2)c2cccnc21,0.9,60.8,4.9,17.4,4.71,3.54,,,
E-0012151,COC1(C)CN(Cc2ccc(N3CCN(C(=O)c4cn(C)c5ncccc45)CC3)cc2)C1,1.2,54.1,2.1,307.3,22.44,1.0,,,
E-0012152,Cn1cc(C(=O)N2CCN(c3ccc(CN4CC(CO)C4)cc3)CC2)c2cccnc21,-0.1,61.2,1.5,15.2,1.05,9.29,,,
E-0012153,COCC1CN(Cc2ccc(N3CCN(C(=O)c4cn(C)c5ncccc45)CC3)cc2)C1,0.8,69.2,0.7,19.9,14.39,1.71,52.5,75.6,
E-0012154,Cn1cc(C(=O)N2CCN(c3ccc(CN4CC5(CCCCO5)C4)cc3)CC2)c2cccnc21,1.8,50.4,11.0,150.5,24.97,0.8,,,
E-0012155,CN(C)C(=O)Cc1ccc(Nc2nccc(-c3cccc(NS(C)(=O)=O)c3)n2)cc1,2.1,5.88,22.8,1892.5,12.48,4.62,,,
E-0012156,CC(C)N1CCN(c2ncn(-c3ccc(Nc4ncc(-c5cccnc5)cn4)cc3)n2)CC1,2.6,81.9,247.7,1530.1,27.82,0.6,,,
E-0012157,CS(=O)(=O)Nc1cccc(-c2ccnc(Nc3cccc(CN4CCOCC4)c3)n2)c1,2.7,74.6,47.8,2365.0,29.44,1.19,,,
E-0012158,CS(=O)(=O)Nc1cccc(-c2ccnc(Nc3cccc(CC(N)=O)c3)n2)c1,1.9,9.09,23.0,558.5,29.3,1.54,,,
E-0012159,CN1CCN(Cc2ccc(Nc3nccc(-c4cccc(F)c4)n3)cc2)CC1,3.2,78.4,22.9,2241.8,22.87,0.73,5.8,0.4,
E-0012160,Fc1cccc(-c2ccnc(Nc3ccc(CN4CCCCC4)cc3)n2)c1,3.3,79.2,16.7,1318.6,20.29,0.72,4.2,0.3,
E-0012161,CN1CCC(Oc2ccc(Nc3nccc(-c4cccc(F)c4)n3)cc2)CC1,3.1,73.2,24.0,1724.2,9.52,0.89,,,
E-0012162,c1cc2ccc(-c3ccc(OCCN4CCCCC4)cn3)cc2cn1,2.6,89.6,5.9,627.1,22.53,0.92,,,
E-0012163,O=C(c1n[nH]c2ccccc12)N1CCN(Cc2ccc(Cl)nc2)CC1,2.4,84.5,5.2,252.6,27.38,1.05,,,
E-0012164,O=C(NC1CN(Cc2ccc(Cl)cc2)C1)c1n[nH]c2ccccc12,3.6,29.4,24.0,283.8,18.99,0.81,,,
E-0012165,Cc1ccc(CNc2nc(-c3ccccc3)cc(=O)[nH]2)cc1,4.3,0.07,46.9,1029.7,6.98,0.7,,,
E-0012166,Cc1cccc(CNc2nc(-c3ccccc3)cc(=O)[nH]2)c1,,0.83,26.3,682.8,10.57,0.71,,,
E-0012167,Cc1cccc(CNc2cc(-c3ccccc3)[nH]c(=O)n2)c1,3.0,2.01,6.1,870.0,25.95,1.42,,,
E-0012168,Cc1ccccc1CNc1nc(-c2ccccc2)cc(=O)[nH]1,4.0,2.09,34.3,382.9,5.89,1.22,,,
E-0012169,Cc1ccccc1CNc1cc(-c2ccccc2)[nH]c(=O)n1,2.8,1.91,6.4,133.7,22.55,1.65,,,
E-0012170,CC(C)c1ccc(CNc2nc(-c3ccccc3)cc(=O)[nH]2)cc1,,0.03,14.3,974.4,,,,,
E-0012171,CC(C)c1ccc(CNc2cc(-c3ccccc3)[nH]c(=O)n2)cc1,3.9,0.21,33.9,2458.9,20.35,1.25,,,
E-0012172,C[C@H](Nc1nc(-c2ccccc2)cc(=O)[nH]1)c1ccccc1,3.9,2.13,6.4,55.0,14.52,0.86,,,
E-0012173,C[C@H](Nc1cc(-c2ccccc2)[nH]c(=O)n1)c1ccccc1,2.7,34.6,0.0,122.4,22.03,1.71,,,
E-0012181,NC(=O)Cc1ccc(Nc2nccc(-c3cccc(S(N)(=O)=O)c3)n2)cc1,1.2,25.3,9.3,190.0,0.52,73.05,,,
E-0012182,Fc1cccc(-c2ccnc(Nc3ccc(CN4CCNCC4)cc3)n2)c1,1.9,53.2,0.0,555.4,5.27,0.83,,,
E-0012183,Fc1cccc(-c2ccnc(Nc3cccc(CN4CCOCC4)c3)n2)c1,4.1,0.98,70.8,4001.4,6.57,0.96,0.8,0.21,
E-0012184,Fc1cc(F)cc(-c2ccnc(Nc3ccc(CN4CCOCC4)cc3)n2)c1,4.3,0.9,54.0,1291.2,6.8,0.58,,,
E-0012185,O=C(c1n[nH]c2ccccc12)N1CCN(Cc2ccc(Cl)cn2)CC1,2.6,61.0,11.8,399.4,27.63,0.9,,,
E-0012186,COc1ccc(-c2cc(NCc3ccc(C)cc3)nc(=O)[nH]2)cc1,3.2,0.21,111.0,330.4,14.16,2.43,,,
E-0012187,C[C@@H](Nc1cc(-c2ccccc2)[nH]c(=O)n1)c1ccccc1,2.7,73.4,1.2,43.6,22.05,1.57,,,
E-0012188,CC(C)(Nc1cc(-c2ccccc2)[nH]c(=O)n1)c1ccccc1,2.9,20.2,0.2,103.7,22.61,1.68,,,
E-0012189,O=c1nc(NC2(c3ccccc3)CC2)cc(-c2ccccc2)[nH]1,2.7,22.7,0.0,62.7,18.84,2.05,,,
E-0012190,O=c1nc(NCc2ccccn2)cc(-c2ccccc2)[nH]1,1.4,91.0,0.0,41.7,7.46,3.79,,,
E-0012191,Cc1ccc2[nH]nc(C(=O)N3CCC(Nc4ccc(Cl)cc4)CC3)c2c1,,7.93,12.4,173.1,16.03,0.8,0.3,0.17,
E-0012192,Cc1ccc2[nH]nc(C(=O)N3CCC(NCc4ccc(Cl)cc4)CC3)c2c1,,23.0,21.2,874.3,25.98,0.69,,,
E-0012193,Cc1ccc2[nH]nc(C(=O)N3CCN(Cc4ccc(Cl)cc4)CC3)c2c1,,1.37,37.1,911.6,19.98,0.73,,,
E-0012194,Cn1cc(C(=O)N2CCN(c3ccc(CN4CC(C)(CO)C4)cc3)CC2)c2cccnc21,0.2,56.4,2.6,6.3,1.9,10.08,,,
E-0012195,COCC1(C)CN(Cc2ccc(N3CCN(C(=O)c4cn(C)c5ncccc45)CC3)cc2)C1,1.1,56.4,3.4,120.0,19.44,1.57,,,
E-0012196,Cn1cc(C(=O)N2CCN(c3ccc(CN4CC5(CCO5)C4)cc3)CC2)c2cccnc21,1.3,68.9,0.0,79.9,23.51,1.36,,,
E-0012197,Cn1cc(C(=O)N2CCN(c3ccc(CN4CC5(COC5)C4)cc3)CC2)c2cccnc21,0.9,50.0,0.0,61.0,14.22,2.26,,,
E-0012198,Cn1cc(C(=O)N2CCN(c3ccc(CN4CC5(CCCO5)C4)cc3)CC2)c2cccnc21,1.5,61.5,6.5,69.9,26.95,1.3,73.0,80.0,
E-0012200,C[C@@H](Nc1nc(-c2ccccc2)cc(=O)[nH]1)c1ccccc1,4.1,12.6,5.2,36.9,17.38,0.68,,,
E-0012201,O=c1cc(-c2ccccc2)nc(NC2(c3ccccc3)CC2)[nH]1,3.8,2.91,4.7,528.0,18.76,0.77,,,
E-0012202,O=c1cc(-c2ccccc2)nc(NCc2ccccn2)[nH]1,2.5,85.8,8.4,702.6,38.14,1.03,,,
E-0012203,O=c1ccc2ccc(-c3ccc(OCCN4CCCCC4)cc3)cc2[nH]1,2.7,51.6,5.9,114.8,33.64,0.79,,,
E-0012205,N#Cc1cccc(-c2ccnc(Nc3ccc(CN4CCOCC4)cc3)n2)c1,3.2,20.4,134.6,3825.9,31.42,0.78,,,
E-0012206,Clc1cccc(-c2ccnc(Nc3ccc(CN4CCOCC4)cc3)n2)c1,4.4,1.88,58.6,1688.1,6.53,0.6,,,
E-0012207,COc1cccc(-c2ccnc(Nc3ccc(CN4CCOCC4)cc3)n2)c1,3.8,6.55,87.9,4097.2,22.42,0.74,,,
E-0012208,CN(C)CCOc1cccc(Nc2nc(-c3ccccc3)cs2)c1,3.5,70.2,56.2,4128.3,5.95,0.59,,,
E-0012209,N#CCNC1CCN(C(=O)c2n[nH]c3ccccc23)CC1,0.6,89.9,4.1,40.2,27.14,1.04,,,
E-0012210,CC(=O)Nc1ccc(Nc2cc(N)n3nccc3n2)cc1,1.4,84.3,9.6,191.1,9.87,3.21,,,
E-0012212,CN1CCC(c2ccc(Nc3cc(N)n4nccc4n3)cc2)CC1,1.1,71.8,0.0,143.8,22.63,1.21,,,
E-0012213,Cn1cc(C(=O)N2CCN(c3ccc(CN4CCC4)cc3)CC2)c2ccccc21,1.1,84.9,0.0,,23.01,0.8,,,
E-0012214,Cn1cc(C(=O)N2CCN(c3ccc(CN4CC(F)C4)cc3)CC2)c2ccccc21,2.7,83.8,51.3,,30.25,0.71,,,
E-0012215,Cn1cc(C(=O)N2CCN(c3ccc(CN4CC(C(F)(F)F)C4)cc3)CC2)c2ccccc21,,6.41,258.7,,15.86,1.19,,,
E-0012216,Cn1cc(C(=O)N2CCN(c3ccc(CN4CC(CO)C4)cc3)CC2)c2ccccc21,0.7,27.2,18.5,,2.96,14.85,,,
E-0012217,COCC1CN(Cc2ccc(N3CCN(C(=O)c4cn(C)c5ccccc45)CC3)cc2)C1,1.4,59.6,51.2,,23.0,1.3,,,
E-0012218,Cn1cc(C(=O)N2CCN(c3ccc(CN4CC(C)(CO)C4)cc3)CC2)c2ccccc21,0.9,61.6,26.4,,2.49,10.25,,,
E-0012219,COCC1(C)CN(Cc2ccc(N3CCN(C(=O)c4cn(C)c5ccccc45)CC3)cc2)C1,1.8,61.8,102.2,,21.05,0.9,,,
E-0012220,Cn1cc(C(=O)N2CCN(c3ccc(CN4CC5(COC5)C4)cc3)CC2)c2ccccc21,1.5,72.6,31.7,,17.65,1.29,,,
E-0012221,Cn1cc(C(=O)N2CCN(c3ccc(CN4CC5(CCCCO5)C4)cc3)CC2)c2ccccc21,2.9,46.6,216.0,,18.9,0.96,,,
E-0012222,O=C(c1cc[nH]n1)N1CCC(Oc2ccc(Cl)cc2)CC1,2.6,56.0,5.0,2506.5,47.1,0.6,,,
E-0012223,O=C(c1n[nH]c2ccccc12)N1CCN(c2ccc(Cl)cc2)CC1,,0.82,33.2,616.6,34.15,0.69,,,
E-0012228,COc1ccc2[nH]c3c(=O)n(CC[C@H](C)N4CCCCC4)ccc3c2c1,1.8,61.4,19.1,143.9,30.13,0.82,,,
E-0012229,COc1ccc2[nH]c3c(=O)n(CC[C@@H](C)N4CCCCC4)ccc3c2c1,1.8,65.4,20.9,277.7,28.41,0.86,,,
E-0012230,COc1ccc2c(c1)c1cc[nH]c(=O)c1n2CC(C)CN1CCCCC1,2.1,60.7,67.8,2066.2,25.21,1.01,,,
E-0012231,O=C1CCc2ccc(-c3ccc(OCCN4CCCCC4)cn3)cc2N1,1.9,58.4,0.0,67.0,36.11,0.92,,,
E-0012232,FC(F)(F)c1cccc(-c2ccnc(Nc3ccc(CN4CCOCC4)cc3)n2)c1,4.4,0.79,58.4,1410.1,3.67,0.86,,,
E-0012233,FC(F)(F)Oc1cccc(-c2ccnc(Nc3ccc(CN4CCOCC4)cc3)n2)c1,4.7,0.36,63.9,1006.1,,,,,
E-0012234,Cc1c[nH]nc1C(=O)N1CCC(Oc2ccc(Cl)cc2)CC1,2.9,,5.6,519.5,43.68,0.65,,,
E-0012235,O=C(c1cc(-c2ccccc2)[nH]n1)N1CCC(Oc2ccc(Cl)cc2)CC1,4.1,,0.0,133.7,,,,,
E-0012236,COc1cccc2[nH]c3c(=O)n(CCCN4CCCCC4)ccc3c12,1.9,80.9,13.2,105.5,32.5,0.9,21.3,2.8,
E-0012237,O=c1c2[nH]c3cc(OC(F)(F)F)ccc3c2ccn1CCCN1CCCCC1,3.2,41.6,6.3,58.1,11.2,0.9,,,
E-0012238,COc1ccc2[nH]c3c(=O)n(CCCN4CCCCC4)ccc3c2c1,1.7,78.2,34.4,193.7,33.7,0.9,,,
E-0012239,CCc1ccc(CNc2nc(-c3ccccc3)cc(=O)[nH]2)cc1,3.5,0.158,39.4,1973.2,,,,,
E-0012240,CCc1ccc(CNc2cc(-c3ccccc3)[nH]c(=O)n2)cc1,,1.6,27.0,2260.2,29.6,1.2,,,
E-0012241,CN(C)c1c[nH]nc1C(=O)N1CCC(Oc2ccc(Cl)cc2)CC1,2.6,96.6,19.0,565.6,44.3,0.7,,,
E-0012242,Cn1nc2ccccc2c1C(=O)N1CCC(Oc2ccc(Cl)cc2)CC1,3.9,0.882,21.3,289.6,22.2,0.8,,,
E-0012243,CN1CCN(c2ccc(Nc3cc(N)n4nccc4n3)cc2)CC1,1.4,107.0,0.0,302.6,32.7,1.0,,,
E-0012244,N#Cc1ccc(OC2CCN(C(=O)c3n[nH]c4ccccc34)CC2)cc1,3.2,1.99,3.5,140.0,41.8,0.8,,,
E-0012245,N#Cc1ccc(CN2CCN(C(=O)c3n[nH]c4ccccc34)CC2)cc1,2.6,7.85,13.9,256.8,46.3,1.0,,,
E-0012246,Nc1cc2oc(=O)[nH]c2cc1-n1cc(OCCN2CCCCC2)cn1,0.4,94.7,0.1,23.3,11.1,1.5,,,
E-0012247,CN1CCC(Cc2ccc(Nc3nccc(-c4cccc(F)c4)n3)cc2)CC1,3.3,48.2,13.5,2170.3,2.2,0.8,,,
E-0012248,O=C1CCc2ccc(-n3cc(OCCN4CCCCC4)cn3)cc2N1,1.6,82.4,6.2,409.5,33.4,1.0,,,
E-0012249,Fc1cc(-c2ccnc(Nc3ccc(C4CCNCC4)cc3)n2)cc(N2CCOCC2)c1,1.6,22.1,4.9,211.0,2.4,1.3,,,
E-0012250,Fc1cc(-c2ccnc(Nc3cccc(C4CCNCC4)c3)n2)cc(N2CCOCC2)c1,1.7,38.8,2.5,1516.8,1.0,3.6,,,
E-0012251,NC(=O)Cc1cccc(Nc2nccc(-c3cccc(OC(F)(F)F)c3)n2)c1,4.0,0.172,65.7,838.8,9.2,1.0,,,
E-0012252,NC(=O)Cc1cccc(Nc2nccc(-c3cccnc3)n2)c1,1.5,72.0,94.9,720.7,26.2,1.1,12.8,12.6,
E-0012253,NC(=O)Cc1ccc(Nc2nccc(-c3cccc(F)c3)n2)cc1,2.8,4.85,60.2,600.3,38.1,1.0,,,
E-0012254,COc1cccc(-c2ccnc(Nc3ccc(CC(N)=O)cc3)n2)c1,2.8,7.64,172.9,754.5,29.0,1.0,,,
E-0012255,N#Cc1cccc(-c2ccnc(Nc3ccc(CC(N)=O)cc3)n2)c1,2.3,13.0,22.0,342.6,28.6,1.3,,,
E-0012256,NC(=O)Cc1ccc(Nc2nccc(-c3cccc(OC(F)(F)F)c3)n2)cc1,3.7,1.78,24.9,312.7,11.4,1.0,,,
E-0012257,NC(=O)Cc1ccc(Nc2nccc(-c3cccnc3)n2)cc1,1.4,95.0,22.5,779.4,21.4,1.6,,,
E-0012262,COC1CN(Cc2ccc(N3C[C@H]4C[C@@H](C3)N4C(=O)c3cn(C)c4ccccc34)cc2)C1,2.1,100.0,51.8,1267.4,25.77,1.21,9.0,,
E-0012273,COc1ccc2c(c1)[nH]c1c(=O)n(CCCN3CCCCC3)cnc12,1.7,59.8,,,,,38.3,,
E-0012334,O=C(c1cccc2[nH]cnc12)N1CCC(Oc2ccc(Cl)cc2)CC1,3.3,254.0,0.0,54.9,15.93,0.56,3.9,0.74,
E-0012422,Cc1[nH]nc(C(=O)N2CCC(Oc3ccc(Cl)cc3)CC2)c1C(F)(F)F,,,3.9,104.5,,,,,
E-0012473,CCCc1ccc2c(N)c(C(=O)N3CCC(Oc4ccc(Cl)cc4)CC3)sc2n1,,,58.3,311.2,,,,,
E-0012490,CCOc1ccccc1-c1cc(C(=O)N2CCC(Oc3ccc(Cl)cc3)CC2)n[nH]1,,0.74,40.9,692.8,,,,,
E-0012535,Cn1cc(C(=O)N2CCC(Oc3ccc(Cl)cc3)CC2)c2ccccc21,,0.2,27.9,331.6,7.72,1.28,,,
E-0012603,Cc1c(-c2ccccc2)n[nH]c1C(=O)N1CCC(Oc2ccc(Cl)cc2)CC1,,0.88,0.0,114.1,,,,,
E-0012605,O=C(c1cc(-c2ccccc2C(F)(F)F)n[nH]1)N1CCC(Oc2ccc(Cl)cc2)CC1,,0.33,2.4,242.7,,,,,
E-0012609,COc1ccc(-c2cc(C(=O)N3CCC(Oc4ccc(Cl)cc4)CC3)[nH]n2)cc1OC,,0.47,21.4,1136.6,,,,,
E-0012623,COc1ccccc1-c1cc(C(=O)N2CCC(Oc3ccc(Cl)cc3)CC2)[nH]n1,,2.24,11.3,203.0,,,,,
E-0012664,COc1ccc(-c2cc(C(=O)N3CCC(Oc4ccc(Cl)cc4)CC3)[nH]n2)c(OC)c1,,0.55,4.8,1200.2,0.05,1.73,,0.04,
E-0012712,COc1cccc(-c2cc(C(=O)N3CCC(Oc4ccc(Cl)cc4)CC3)[nH]n2)c1,,0.22,14.0,170.6,,,,,
E-0012754,COc1ccc2[nH]c3c(=O)n(C[C@@H](C)CN4CCCCC4)ccc3c2c1,2.2,59.0,15.8,586.7,30.82,0.8,,,
E-0012755,COc1ccc2[nH]c3c(=O)n(C[C@H](C)CN4CCCCC4)ccc3c2c1,2.2,68.2,15.6,445.1,27.07,0.81,,,
E-0012756,O=c1c2[nH]c3cc(Cl)ccc3c2ccn1CCCN1CCCCC1,2.7,54.4,4.4,189.9,18.25,0.68,2.7,0.4,
E-0012757,COc1ccc2[nH]c3c(=O)n([C@H](C)CCN4CCCCC4)cnc3c2c1,1.8,63.4,3.8,171.0,29.83,1.06,,,
E-0012758,COc1ccc2[nH]c3c(=O)n([C@@H](C)CCN4CCCCC4)cnc3c2c1,1.8,80.2,3.8,130.4,27.82,0.92,,,
E-0012759,COc1ccc2[nH]c3c(=O)n(CC4(CN5CCCCC5)CC4)cnc3c2c1,2.5,47.6,193.7,633.4,26.27,0.86,,,
E-0012761,CC(C)N1CCN(c2ncn(-c3ccc(Nc4ncc5cccc(Cl)c5n4)cc3)n2)CC1,4.0,3.21,65.1,1343.4,1.66,1.01,,,
E-0012762,Fc1cc(-c2ccnc(Nc3ccc(N4CCNCC4)cc3)n2)cc(N2CCOCC2)c1,2.0,29.8,0.0,326.4,3.93,1.0,,,
E-0012763,NC(=O)Cc1cccc(Nc2nccc(-c3cccc(N4CCOCC4)c3)n2)c1,2.4,2.89,27.5,1143.2,24.63,1.29,,,
E-0012764,CN1CCN(c2cccc(-c3ccnc(Nc4cccc(CC(N)=O)c4)n3)c2)CC1,1.9,54.5,16.5,1783.9,9.9,3.86,,,
E-0012765,COc1cccc(-c2ccnc(Nc3cccc(CC(N)=O)c3)n2)c1,2.8,1.79,202.7,2391.4,28.82,1.09,,,
E-0012766,N#Cc1cccc(-c2ccnc(Nc3cccc(CC(N)=O)c3)n2)c1,2.3,12.2,89.5,2032.0,29.11,1.27,3.8,2.8,
E-0012767,NC(=O)Cc1ccc(Nc2nccc(-c3cccc(N4CCOCC4)c3)n2)cc1,2.3,3.33,26.3,1066.6,25.24,1.54,5.4,1.9,
E-0012768,Fc1cccc(-c2cccc(Nc3ccc(CN4CCOCC4)cc3)n2)c1,4.0,2.27,16.4,1652.7,3.71,0.8,,,
E-0012769,CS(=O)(=O)Nc1cccc(-c2ccnc(Nc3ccc(CN4CCOCC4)cc3)c2)c1,2.9,6.68,60.4,2420.4,12.36,2.24,,,
E-0012770,CS(=O)(=O)Nc1cccc(-c2cncc(Nc3ccc(CN4CCOCC4)cc3)n2)c1,2.8,4.09,258.9,8181.6,7.77,5.0,,,
E-0012771,CC(C)c1c[nH]nc1C(=O)N1CCC(Oc2ccc(Cl)cc2)CC1,3.9,37.0,33.2,853.7,11.98,1.17,,,
E-0012772,O=C(c1n[nH]cc1-c1ccccc1)N1CCC(Oc2ccc(Cl)cc2)CC1,3.7,13.8,9.8,364.5,4.35,1.17,,0.2,
E-0012774,O=C(c1n[nH]c2cc(F)ccc12)N1CCC(Oc2ccc(C(F)(F)F)cc2)CC1,,,1.0,36.3,,,,,
E-0012775,N#Cc1ccc(OC2CCN(C(=O)c3n[nH]c4cc(F)ccc34)CC2)cc1,3.8,0.55,7.0,114.6,45.33,0.82,,,
E-0012776,O=C(c1n[nH]c2cc(F)ccc12)N1CCN(Cc2ccc(C(F)(F)F)cc2)CC1,4.6,1.79,48.1,605.3,11.1,1.32,,,
E-0012777,O=C(c1n[nH]c2cc(F)ccc12)N1CCN(Cc2ccc(Cl)cc2)CC1,4.2,1.64,52.8,553.1,16.68,1.14,,,
E-0012778,N#Cc1ccc(CN2CCN(C(=O)c3n[nH]c4cc(F)ccc34)CC2)cc1,3.0,2.52,20.9,299.6,36.98,0.92,,,
E-0012779,COc1ccc2c(C(=O)N3CCC(Oc4ccc(C(F)(F)F)cc4)CC3)n[nH]c2c1,,0.08,26.8,59.0,2.82,1.44,,,
E-0012780,O=C(c1n[nH]c2ccccc12)N1CCC(Oc2ccc(Cl)nc2)CC1,3.2,6.32,3.6,138.6,42.52,1.18,,,
E-0012781,O=C(c1n[nH]c2cc(F)ccc12)N1CCC(Oc2ccc(Cl)nc2)CC1,3.7,2.23,5.8,142.4,47.54,1.04,,,
E-0012782,COc1ccc2c(C(=O)N3CCC(Oc4ccc(Cl)nc4)CC3)n[nH]c2c1,3.3,3.26,208.4,175.2,37.83,0.71,,,
E-0012783,COc1ccc2[nH]c3c(=O)n(CC(C)(C)CN4CCCCC4)ccc3c2c1,2.8,9.32,37.8,365.7,21.45,1.03,,,
E-0012784,COc1ccc2c(c1)[nH]c1c(=O)n(CCCN3CCCCC3)ccc12,1.8,93.0,10.0,101.2,26.22,0.89,18.5,3.1,
E-0012785,O=c1c2[nH]c3c(C(F)(F)F)cccc3c2ccn1CCCN1CCCCC1,2.7,75.6,9.6,345.6,15.32,0.93,,,
E-0012786,O=c1c2[nH]c3cc(C(F)(F)F)ccc3c2ccn1CCCN1CCCCC1,3.0,27.0,6.2,75.4,7.88,0.87,,,
E-0012787,O=c1c2[nH]c3cccc(C(F)(F)F)c3c2ccn1CCCN1CCCCC1,3.0,23.0,6.0,79.8,9.7,1.16,,,
E-0012788,COc1ccc2[nH]c3c(=O)n(CCN4CCCCC4)ccc3c2c1,2.4,68.2,27.0,2438.6,24.78,0.96,,,
E-0012789,COc1ccc2[nH]c3c(=O)n(CCCN4CCCCC4)cc(F)c3c2c1,2.3,82.6,11.2,161.2,23.33,0.71,,,
E-0012790,COc1ccc2[nH]c3c(=O)n(CCN4CCCCC4)cc(F)c3c2c1,3.2,11.4,32.8,3118.4,22.48,0.87,,,
E-0012791,COc1cccc(Nc2cc(C)nc3ccc(-c4ncc[nH]4)cc23)c1,3.6,8.23,65.3,2049.2,8.68,4.94,,,
E-0012792,CN1CCC(c2ccc3[nH]nc(C(=O)N4CCC(Oc5ccc(Cl)cc5)CC4)c3c2)CC1,3.1,40.8,20.7,6073.2,3.0,3.22,,,
E-0012793,O=C(c1n[nH]c2cc(F)ccc12)N1CCC(Oc2ccc(Cl)cn2)CC1,4.3,1.14,7.8,154.2,14.83,1.09,,,
E-0012794,O=C(c1n[nH]c2ccccc12)N1CCC2(CC1)CN(c1ccc(Cl)cc1)C2,4.4,0.1,3.9,455.7,3.91,2.88,,,
E-0012795,O=C(c1n[nH]c2ccccc12)N1C2CCC1CN(Cc1ccc(Cl)cc1)C2,4.8,0.03,48.8,628.9,4.19,1.92,,,
E-0012796,Nc1cc2c(cc1-n1cc(OCCN3CCCCC3)cn1)NC(=O)CC2,0.5,67.8,1.5,48.7,8.94,2.3,,,
E-0012797,Fc1cccc(-c2ccnc(Nc3ccc(CN4CCOCC4)cc3)c2)c1,,7.62,41.3,4524.6,5.04,0.56,,,
E-0012798,Fc1cccc(-c2cncc(Nc3ccc(CN4CCOCC4)cc3)n2)c1,4.4,1.6,120.8,2258.3,5.68,1.02,,,
E-0012799,Fc1cccc(-c2nccc(Nc3ccc(CN4CCOCC4)cc3)n2)c1,3.7,28.4,98.4,3326.7,9.51,0.82,,,
E-0012800,Fc1cccc(-c2cc(Nc3ccc(CN4CCOCC4)cc3)ncn2)c1,3.5,33.6,52.6,1671.9,17.46,1.37,,,
